{
  "mean": [
    0.3946811132133007,
    0.9872432887554169,
    0.8069766461849213,
    0.3993226756652196,
    0.914477730790774,
    1.0,
    0.379116178303957,
    1.0,
    0.9753351549307505,
    1.0,
    0.5291964188218117,
    0.4803629713753859,
    0.1731921919931968,
    0.1731655808786551,
    0.0
  ],
  "scale": [
    0.29587668952761065,
    0.04531824414987705,
    0.1964826072218339,
    0.031100290301694884,
    0.13115166066537745,
    1.0,
    0.1101435244532698,
    1.0,
    0.0728565565646919,
    1.0,
    0.23012631575682838,
    0.26884082371858686,
    0.10222029879924026,
    0.10088464309386448,
    1.0
  ],
  "var": [
    0.08754301540581809,
    0.002053743252827865,
    0.038605414940689455,
    0.0009672280568496968,
    0.017200758095286317,
    0.0,
    0.012131595978988042,
    0.0,
    0.005308077834464148,
    0.0,
    0.05295812120381148,
    0.07227538849768829,
    0.01044898948660596,
    0.01017771121217642,
    0.0
  ]
}