{
  "mean": [
    0.3292299537082212,
    0.9750089404558895,
    0.7537626967285619,
    0.40284820186971415,
    0.8789390442949353,
    1.0,
    0.38487766969083537,
    1.0,
    0.9775509015478269,
    1.0,
    0.4782899583529944,
    0.42174394097593093,
    0.20076311628023782,
    0.20223978425216194,
    0.0,
    0.0,
    0.8895390545478975,
    0.07319441558134676,
    0.2821057051269695,
    0.21413857091895558
  ],
  "scale": [
    0.25583662320574607,
    0.06645175784253027,
    0.2089541435433234,
    0.03189456009620863,
    0.15658012346777866,
    1.0,
    0.09476897113909329,
    1.0,
    0.06272209585430435,
    1.0,
    0.1989840394759977,
    0.23361847092894733,
    0.10304720313356497,
    0.10223691727717134,
    1.0,
    1.0,
    0.10404051776386473,
    0.018011150437256877,
    0.2389377124541858,
    0.16442467548200632
  ],
  "var": [
    0.06545237777331889,
    0.004415836120362283,
    0.0436618341039238,
    0.0010172629637306637,
    0.02451733506518481,
    0.0,
    0.008981157890762296,
    0.0,
    0.003934061308356544,
    0.0,
    0.039594647966185406,
    0.054577589959179405,
    0.010618726073650202,
    0.010452387254339175,
    0.0,
    0.0,
    0.010824429336573052,
    0.00032440154007349855,
    0.05709123043283918,
    0.02703547390736309
  ]
}