{
  "mean": [
    0.2247775892416636,
    1.0,
    0.5879393617312113,
    0.38924864927927655,
    0.5384381636977196,
    0.6500000059604645,
    0.33414697150389355,
    0.7583333353201548,
    0.9916666646798452,
    0.7083333333333334,
    0.3701973706483841,
    0.2765314479668935,
    0.16464857260386148,
    0.16296450545390448,
    0.0
  ],
  "scale": [
    0.024642893252529975,
    1.0,
    0.08028685901010132,
    0.01193373363924814,
    0.3068283249302186,
    0.3499999940395355,
    0.03786878815509016,
    0.24224069585375882,
    0.018633904255166166,
    0.29214246870925853,
    0.03736721242490999,
    0.021095295723651007,
    0.021375941394027702,
    0.020682915564336178,
    1.0
  ],
  "var": [
    0.0006072721878555874,
    0.0,
    0.006445979729707889,
    0.0001424139985725227,
    0.09414362097948382,
    0.1224999958276749,
    0.0014340451163350968,
    0.05868055472771328,
    0.0003472223877906997,
    0.0853472220235401,
    0.0013963085644083477,
    0.0004450115016682885,
    0.00045693087048090695,
    0.00042778299624145975,
    0.0
  ]
}